Workbook

Sheet Raw Data
A1: time | B1: theta1 | C1: theta2 | D1: omega1 | E1: omega2 | F1: x1 | G1: y1 | H1: x2 | I1: y2 | J1: kinetic_energy | K1: potential_energy | L1: total_energy | M1: abs_omega1 | N1: abs_omega2
A2: 0 | B2: 1.5707963 | C2: 1.5707963 | D2: 0 | E2: 0 | F2: 1 | G2: -6.123234e-17 | H2: 2 | I2: -1.2246468e-16 | J2: 0 | K2: -1.8020678e-15 | L2: -1.8020678e-15 | M2: =ABS(D2) -> 0 | N2: =ABS(E2) -> 0
A3: 0.0040008002 | B3: 1.5707178 | C3: 1.5707963 | D3: -0.039247849 | E3: -2.9031048e-10 | F3: 1 | G3: -7.8511401e-05 | H3: 2 | I3: -7.8511401e-05 | J3: 0.0015403937 | K3: -0.0015403937 | L3: -4.8448658e-15 | M3: =ABS(D3) -> 0.039247849 | N3: =ABS(E3) -> 2.9031048e-10
A4: 0.0080016003 | B4: 1.5704823 | C4: 1.5707963 | D4: -0.078495694 | E4: -9.2899314e-09 | F4: 0.99999995 | G4: -0.00031404559 | H4: 2 | I4: -0.00031404561 | J4: 0.0061615747 | K4: -0.0061615747 | L4: -3.1606662e-15 | M4: =ABS(D4) -> 0.078495694 | N4: =ABS(E4) -> 9.2899314e-09
A5: 0.0120024 | B5: 1.5700897 | C5: 1.5707963 | D5: -0.11774351 | E5: -7.0545367e-08 | F5: 0.99999975 | G5: -0.00070660247 | H5: 1.9999998 | I5: -0.00070660261 | J5: 0.013863542 | K5: -0.013863542 | L5: -3.5232234e-15 | M5: =ABS(D5) -> 0.11774351 | N5: =ABS(E5) -> 7.0545367e-08
A6: 0.016003201 | B6: 1.5695401 | C6: 1.5707963 | D6: -0.15699122 | E6: -2.9727709e-07 | F6: 0.99999921 | G6: -0.0012561816 | H6: 1.9999992 | I6: -0.0012561824 | J6: 0.024646291 | K6: -0.024646291 | L6: -5.7870375e-15 | M6: =ABS(D6) -> 0.15699122 | N6: =ABS(E6) -> 2.9727709e-07
A7: 0.020004001 | B7: 1.5688335 | C7: 1.5707963 | D7: -0.19623872 | E7: -9.0721457e-07 | F7: 0.99999807 | G7: -0.001962782 | H7: 1.9999981 | I7: -0.001962785 | J7: 0.038509813 | K7: -0.038509813 | L7: -5.5497273e-14 | M7: =ABS(D7) -> 0.19623872 | N7: =ABS(E7) -> 9.0721457e-07
A8: 0.024004801 | B8: 1.5679699 | C8: 1.5707963 | D8: -0.23548578 | E8: -2.257425e-06 | F8: 0.99999601 | G8: -0.0028264014 | H8: 1.999996 | I8: -0.0028264105 | J8: 0.055454084 | K8: -0.055454084 | L8: -6.4073746e-14 | M8: =ABS(D8) -> 0.23548578 | N8: =ABS(E8) -> 2.257425e-06
A9: 0.028005601 | B9: 1.5669493 | C9: 1.5707963 | D9: -0.2747321 | E9: -4.8791328e-06 | F9: 0.9999926 | G9: -0.0038470359 | H9: 1.9999926 | I9: -0.0038470587 | J9: 0.075479068 | K9: -0.075479068 | L9: -2.1339874e-13 | M9: =ABS(D9) -> 0.2747321 | N9: =ABS(E9) -> 4.8791328e-06
A10: 0.032006401 | B10: 1.5657716 | C10: 1.5707963 | D10: -0.31397725 | E10: -9.5125101e-06 | F10: 0.99998738 | G10: -0.0050246789 | H10: 1.9999874 | I10: -0.0050247297 | J10: 0.098584699 | K10: -0.098584699 | L10: -3.7550518e-13 | M10: =ABS(D10) -> 0.31397725 | N10: =ABS(E10) -> 9.5125101e-06
A11: 0.036007201 | B11: 1.564437 | C11: 1.5707962 | D11: -0.35322065 | E11: -1.7141435e-05 | F11: 0.99997978 | G11: -0.0063593206 | H11: 1.9999798 | I11: -0.0063594235 | J11: 0.12477088 | K11: -0.12477088 | L11: -2.1531388e-13 | M11: =ABS(D11) -> 0.35322065 | N11: =ABS(E11) -> 1.7141435e-05
A12: 0.040008002 | B12: 1.5629453 | C12: 1.5707961 | D12: -0.39246156 | E12: -2.9028189e-05 | F12: 0.99996918 | G12: -0.0078509466 | H12: 1.9999692 | I12: -0.0078511401 | J12: 0.15403747 | K12: -0.15403747 | L12: 2.3492319e-13 | M12: =ABS(D12) -> 0.39246156 | N12: =ABS(E12) -> 2.9028189e-05
A13: 0.044008802 | B13: 1.5612966 | C13: 1.570796 | D13: -0.43169908 | E13: -4.674806e-05 | F13: 0.99995488 | G13: -0.0094995367 | H13: 1.9999549 | I13: -0.0094998796 | J13: 0.18638427 | K13: -0.18638427 | L13: 4.0151216e-13 | M13: =ABS(D13) -> 0.43169908 | N13: =ABS(E13) -> 4.674806e-05
... A5001: 20 | B5001: 0.74875524 | C5001: -25.832463 | D5001: 4.0780043 | E5001: 2.7798944 | F5001: 0.68072746 | G5001: -0.73253678 | H5001: 0.036722356 | I5001: -1.497558 | J5001: 21.87723 | K5001: -21.87723 | L5001: -9.4020791e-09 | M5001: =ABS(D5001) -> 4.0780043 | N5001: =ABS(E5001) -> 2.7798944

Sheet Data Checks
A1: time | B1: theta1 | C1: theta2 | D1: omega1 | E1: omega2 | F1: x1 | G1: y1 | H1: x2 | I1: y2 | J1: kinetic_energy | K1: potential_energy | L1: total_energy
A2: 0 | B2: 1.5707963 | C2: 1.5707963 | D2: 0 | E2: 0 | F2: 1 | G2: -6.123234e-17 | H2: 2 | I2: -1.2246468e-16 | J2: 0 | K2: -1.8020678e-15 | L2: -1.8020678e-15 | N2: =COUNTA(A:A)-1 -> 5000 | O2: observations
A3: 0.0040008002 | B3: 1.5707178 | C3: 1.5707963 | D3: -0.039247849 | E3: -2.9031048e-10 | F3: 1 | G3: -7.8511401e-05 | H3: 2 | I3: -7.8511401e-05 | J3: 0.0015403937 | K3: -0.0015403937 | L3: -4.8448658e-15
A4: 0.0080016003 | B4: 1.5704823 | C4: 1.5707963 | D4: -0.078495694 | E4: -9.2899314e-09 | F4: 0.99999995 | G4: -0.00031404559 | H4: 2 | I4: -0.00031404561 | J4: 0.0061615747 | K4: -0.0061615747 | L4: -3.1606662e-15 | N4: =COUNTBLANK(A2:L5001) -> 0 | O4: missing values
A5: 0.0120024 | B5: 1.5700897 | C5: 1.5707963 | D5: -0.11774351 | E5: -7.0545367e-08 | F5: 0.99999975 | G5: -0.00070660247 | H5: 1.9999998 | I5: -0.00070660261 | J5: 0.013863542 | K5: -0.013863542 | L5: -3.5232234e-15
A6: 0.016003201 | B6: 1.5695401 | C6: 1.5707963 | D6: -0.15699122 | E6: -2.9727709e-07 | F6: 0.99999921 | G6: -0.0012561816 | H6: 1.9999992 | I6: -0.0012561824 | J6: 0.024646291 | K6: -0.024646291 | L6: -5.7870375e-15 | N6: {=SUMPRODUCT((A2:A5001<>"")*(COUNTIF(A2:A5001,A2:A5001)>1))} -> 0 | O6: repeated time values
A7: 0.020004001 | B7: 1.5688335 | C7: 1.5707963 | D7: -0.19623872 | E7: -9.0721457e-07 | F7: 0.99999807 | G7: -0.001962782 | H7: 1.9999981 | I7: -0.001962785 | J7: 0.038509813 | K7: -0.038509813 | L7: -5.5497273e-14
A8: 0.024004801 | B8: 1.5679699 | C8: 1.5707963 | D8: -0.23548578 | E8: -2.257425e-06 | F8: 0.99999601 | G8: -0.0028264014 | H8: 1.999996 | I8: -0.0028264105 | J8: 0.055454084 | K8: -0.055454084 | L8: -6.4073746e-14
A9: 0.028005601 | B9: 1.5669493 | C9: 1.5707963 | D9: -0.2747321 | E9: -4.8791328e-06 | F9: 0.9999926 | G9: -0.0038470359 | H9: 1.9999926 | I9: -0.0038470587 | J9: 0.075479068 | K9: -0.075479068 | L9: -2.1339874e-13
A10: 0.032006401 | B10: 1.5657716 | C10: 1.5707963 | D10: -0.31397725 | E10: -9.5125101e-06 | F10: 0.99998738 | G10: -0.0050246789 | H10: 1.9999874 | I10: -0.0050247297 | J10: 0.098584699 | K10: -0.098584699 | L10: -3.7550518e-13
A11: 0.036007201 | B11: 1.564437 | C11: 1.5707962 | D11: -0.35322065 | E11: -1.7141435e-05 | F11: 0.99997978 | G11: -0.0063593206 | H11: 1.9999798 | I11: -0.0063594235 | J11: 0.12477088 | K11: -0.12477088 | L11: -2.1531388e-13
A12: 0.040008002 | B12: 1.5629453 | C12: 1.5707961 | D12: -0.39246156 | E12: -2.9028189e-05 | F12: 0.99996918 | G12: -0.0078509466 | H12: 1.9999692 | I12: -0.0078511401 | J12: 0.15403747 | K12: -0.15403747 | L12: 2.3492319e-13
A13: 0.044008802 | B13: 1.5612966 | C13: 1.570796 | D13: -0.43169908 | E13: -4.674806e-05 | F13: 0.99995488 | G13: -0.0094995367 | H13: 1.9999549 | I13: -0.0094998796 | J13: 0.18638427 | K13: -0.18638427 | L13: 4.0151216e-13
A14: 0.048009602 | B14: 1.559491 | C14: 1.5707957 | D14: -0.47093206 | E14: -7.2223813e-05 | F14: 0.9999361 | G14: -0.011305064 | H14: 1.9999361 | I14: -0.011305642 | J14: 0.22181102 | K14: -0.22181102 | L14: 7.0277117e-14
A15: 0.052010402 | B15: 1.5575284 | C15: 1.5707954 | D15: -0.51015919 | E15: -0.00010776 | F15: 0.99991198 | G15: -0.013267493 | H15: 1.999912 | I15: -0.013268427 | J15: 0.26031737 | K15: -0.26031737 | L15: -1.5676349e-13
A16: 0.056011202 | B16: 1.5554089 | C16: 1.5707949 | D16: -0.54937885 | E16: -0.00015607704 | F16: 0.99988162 | G16: -0.015386777 | H16: 1.9998816 | I16: -0.015388235 | J16: 0.30190287 | K16: -0.30190287 | L16: -1.7530422e-13
A17: 0.060012002 | B17: 1.5531325 | C17: 1.5707941 | D17: -0.58858921 | E17: -0.00022034496 | F17: 0.999844 | G17: -0.017662861 | H17: 1.999844 | I17: -0.017665065 | J17: 0.34656696 | K17: -0.34656696 | L17: -6.7246209e-13
A18: 0.064012803 | B18: 1.5506993 | C18: 1.5707931 | D18: -0.62778814 | E18: -0.00030421683 | F18: 0.99979806 | G18: -0.020095672 | H18: 1.9997981 | I18: -0.020098919 | J18: 0.39430894 | K18: -0.39430894 | L18: -1.5047408e-12
... A5001: 20 | B5001: 0.74875524 | C5001: -25.832463 | D5001: 4.0780043 | E5001: 2.7798944 | F5001: 0.68072746 | G5001: -0.73253678 | H5001: 0.036722356 | I5001: -1.497558 | J5001: 21.87723 | K5001: -21.87723 | L5001: -9.4020791e-09

Sheet Summary Statistics
A1: Variable | B1: Minimum | C1: Maximum | D1: Average
A2: Angular velocity 1 | B2: =MIN('Raw Data'!D2:D5001) -> -6.4319745 | C2: =MAX('Raw Data'!D2:D5001) -> 6.9204604 | D2: =AVERAGE('Raw Data'!D2:D5001) -> -0.040686179
A3: Angular velocity 2 | B3: =MIN('Raw Data'!E2:E5001) -> -10.687414 | C3: =MAX('Raw Data'!E2:E5001) -> 8.4061829 | D3: =AVERAGE('Raw Data'!E2:E5001) -> -1.3696093
A4: Total energy | B4: =MIN('Raw Data'!L2:L5001) -> -1.4470682e-08 | C4: =MAX('Raw Data'!L2:L5001) -> 1.5031731e-08 | D4: =AVERAGE('Raw Data'!L2:L5001) -> -3.3251612e-09
A5: Energy range | E5: =C4-B4 -> 2.9502413e-08
A6: Angle 1 | B6: =MIN('Raw Data'!B2:B5001) -> -2.062508 | C6: =MAX('Raw Data'!B2:B5001) -> 1.7917868 | D6: =AVERAGE('Raw Data'!B2:B5001) -> -0.087637141
A7: Angle 2 | B7: =MIN('Raw Data'!C2:C5001) -> -26.121182 | C7: =MAX('Raw Data'!C2:C5001) -> 3.0475214 | D7: =AVERAGE('Raw Data'!C2:C5001) -> -6.1270234
A8: Average absolute angular velocity 1 | D8: {=SUMPRODUCT(ABS('Raw Data'!D2:D5001))/5000} -> 2.2810548
A9: Average absolute angular velocity 2 | D9: {=SUMPRODUCT(ABS('Raw Data'!E2:E5001))/5000} -> 3.096435

Sheet Chart Data
A1: time | B1: omega1 | C1: omega2 | D1: time | E1: total_energy
A2: ='Raw Data'!A2 -> 0 | B2: ='Raw Data'!D2 -> 0 | C2: ='Raw Data'!E2 -> 0 | D2: =A2 -> 0 | E2: ='Raw Data'!L2 -> -1.8020678e-15
A3: ='Raw Data'!A3 -> 0.0040008002 | B3: ='Raw Data'!D3 -> -0.039247849 | C3: ='Raw Data'!E3 -> -2.9031048e-10 | D3: =A3 -> 0.0040008002 | E3: ='Raw Data'!L3 -> -4.8448658e-15 | G3: =MAX(MAX('Raw Data'!L2:L5001), -MIN('Raw Data'!L2:L5001)) -> 1.5031731e-08
A4: ='Raw Data'!A4 -> 0.0080016003 | B4: ='Raw Data'!D4 -> -0.078495694 | C4: ='Raw Data'!E4 -> -9.2899314e-09 | D4: =A4 -> 0.0080016003 | E4: ='Raw Data'!L4 -> -3.1606662e-15 | G4: maximum absolute deviation from inital energy
A5: ='Raw Data'!A5 -> 0.0120024 | B5: ='Raw Data'!D5 -> -0.11774351 | C5: ='Raw Data'!E5 -> -7.0545367e-08 | D5: =A5 -> 0.0120024 | E5: ='Raw Data'!L5 -> -3.5232234e-15
A6: ='Raw Data'!A6 -> 0.016003201 | B6: ='Raw Data'!D6 -> -0.15699122 | C6: ='Raw Data'!E6 -> -2.9727709e-07 | D6: =A6 -> 0.016003201 | E6: ='Raw Data'!L6 -> -5.7870375e-15
A7: ='Raw Data'!A7 -> 0.020004001 | B7: ='Raw Data'!D7 -> -0.19623872 | C7: ='Raw Data'!E7 -> -9.0721457e-07 | D7: =A7 -> 0.020004001 | E7: ='Raw Data'!L7 -> -5.5497273e-14
A8: ='Raw Data'!A8 -> 0.024004801 | B8: ='Raw Data'!D8 -> -0.23548578 | C8: ='Raw Data'!E8 -> -2.257425e-06 | D8: =A8 -> 0.024004801 | E8: ='Raw Data'!L8 -> -6.4073746e-14
A9: ='Raw Data'!A9 -> 0.028005601 | B9: ='Raw Data'!D9 -> -0.2747321 | C9: ='Raw Data'!E9 -> -4.8791328e-06 | D9: =A9 -> 0.028005601 | E9: ='Raw Data'!L9 -> -2.1339874e-13
A10: ='Raw Data'!A10 -> 0.032006401 | B10: ='Raw Data'!D10 -> -0.31397725 | C10: ='Raw Data'!E10 -> -9.5125101e-06 | D10: =A10 -> 0.032006401 | E10: ='Raw Data'!L10 -> -3.7550518e-13
A11: ='Raw Data'!A11 -> 0.036007201 | B11: ='Raw Data'!D11 -> -0.35322065 | C11: ='Raw Data'!E11 -> -1.7141435e-05 | D11: =A11 -> 0.036007201 | E11: ='Raw Data'!L11 -> -2.1531388e-13
A12: ='Raw Data'!A12 -> 0.040008002 | B12: ='Raw Data'!D12 -> -0.39246156 | C12: ='Raw Data'!E12 -> -2.9028189e-05 | D12: =A12 -> 0.040008002 | E12: ='Raw Data'!L12 -> 2.3492319e-13
A13: ='Raw Data'!A13 -> 0.044008802 | B13: ='Raw Data'!D13 -> -0.43169908 | C13: ='Raw Data'!E13 -> -4.674806e-05 | D13: =A13 -> 0.044008802 | E13: ='Raw Data'!L13 -> 4.0151216e-13
A14: ='Raw Data'!A14 -> 0.048009602 | B14: ='Raw Data'!D14 -> -0.47093206 | C14: ='Raw Data'!E14 -> -7.2223813e-05 | D14: =A14 -> 0.048009602 | E14: ='Raw Data'!L14 -> 7.0277117e-14
A15: ='Raw Data'!A15 -> 0.052010402 | B15: ='Raw Data'!D15 -> -0.51015919 | C15: ='Raw Data'!E15 -> -0.00010776 | D15: =A15 -> 0.052010402 | E15: ='Raw Data'!L15 -> -1.5676349e-13
A16: ='Raw Data'!A16 -> 0.056011202 | B16: ='Raw Data'!D16 -> -0.54937885 | C16: ='Raw Data'!E16 -> -0.00015607704 | D16: =A16 -> 0.056011202 | E16: ='Raw Data'!L16 -> -1.7530422e-13
... A5001: ='Raw Data'!A5001 -> 20 | B5001: ='Raw Data'!D5001 -> 4.0780043 | C5001: ='Raw Data'!E5001 -> 2.7798944 | D5001: =A5001 -> 20 | E5001: ='Raw Data'!L5001 -> -9.4020791e-09

Sheet Period Comparison
A1: Time period | B1: Avg. |omega1| | C1: Avg. |omega2| | D1: Max. |omega1| | E1: Max. |omega2|
A2: First half (0-10 s) | B2: =AVERAGEIFS('Raw Data'!M2:M5001, 'Raw Data'!A2:A5001, "<10") -> 2.2009717 | C2: =AVERAGEIFS('Raw Data'!N2:N5001, 'Raw Data'!A2:A5001, "<10") -> 2.5414245 | D2: =_xlfn.MAXIFS('Raw Data'!M2:M5001, 'Raw Data'!A2:A5001, "<10") -> 6.0517703 | E2: =_xlfn.MAXIFS('Raw Data'!N1:N5000, 'Raw Data'!A1:A5000, "<10") -> 9.6602354
A3: Second half (10-20 s) | B3: =AVERAGEIFS('Raw Data'!M2:M5001, 'Raw Data'!A2:A5001, ">=10") -> 2.3611379 | C3: =AVERAGEIFS('Raw Data'!N2:N5001, 'Raw Data'!A2:A5001, ">=10") -> 3.6514455 | D3: =_xlfn.MAXIFS('Raw Data'!M2:M5001, 'Raw Data'!A2:A5001, ">=10") -> 6.9204604 | E3: =_xlfn.MAXIFS('Raw Data'!N1:N5000, 'Raw Data'!A1:A5000, ">=10") -> 10.687414
B4: =(B3-B2)/B2 -> 0.072770679 | C4: =(C3-C2)/C2 -> 0.43677119 | D4: =(D3-D2)/D2 -> 0.14354315 | E4: =(E3-E2)/E2 -> 0.1063306 | F4: percentage change

Sheet Excel Dashboard 
A1: Double Pendulum
A3: Simulation & Data Analysis | 20-second simulation
A4: OBSERVATIONS | G4: ENERGY RANGE
A5: =COUNTA('Raw Data'!A:A)-1 -> 5000 | G5: =MAX('Raw Data'!L2:L5001)-MIN('Raw Data'!L2:L5001) -> 2.9502413e-08
A8: Data points recorded | G8: Joules
A9: MAX SPEED PENDULUM 1 | G9: MAX SPEED PENDULUM 2
A10: =_xlfn.MAXIFS('Raw Data'!M2:M5001, 'Raw Data'!A2:A5001, ">=10") -> 6.9204604 | G10: 10.687414
A13: rad/s | G13: rad/s
A14: 01 Angular Velocity Over Time
A35: 02 Energy Conservation | G35: 03 First Half vs Second Half
A49: KEY FINDINGS
A50: • Both pendulums exhibit changing angular velocities throughout the simulation.
A51: • Pendulum 2 reaches a higher maximum absolute angular velocity than pendulum 1.
A52: • Total mechanical energy remains close to its initial value, with a very small numerical deviation.
A53: • Average absolute angular velocity increases in the second half of this particular simulation,
A54: especially for pendulum 2.
A55: • The energy range is approximately (2.95 \times 10^{-8}), supporting the conclusion that the
A56: numerical simulation approximately conserves total mechanical energy.
